charge_id,created_at,amount,currency,payment_method,failure_code,customer_email,customer_name,graph_node_id
ch_3Mv1,2026-08-01T09:12:00Z,49900,INR,card,insufficient_funds,aarav@example.com,Aarav Sharma,199537
ch_3Mv2,2026-08-01T11:03:00Z,129900,INR,card,expired_card,diya@example.com,Diya Patel,171398
ch_3Mv3,2026-08-02T14:20:00Z,29900,INR,upi,upi_timeout,kabir@example.com,Kabir Singh,152411
ch_3Mv4,2026-08-02T18:45:00Z,89900,INR,card,stolen_card,meera@example.com,Meera Nair,139079
ch_3Mv5,2026-08-03T08:30:00Z,19900,INR,card,incorrect_cvc,rohan@example.com,Rohan Gupta,142564
ch_3Mv6,2026-08-03T21:05:00Z,299900,INR,netbanking,issuer_unavailable,ananya@example.com,Ananya Rao,166704
ch_3Mv7,2026-08-04T10:15:00Z,59900,INR,card,do_not_honor,vivaan@example.com,Vivaan Mehta,165222
ch_3Mv8,2026-08-04T16:40:00Z,9900,INR,upi,gateway_timeout,isha@example.com,Isha Verma,140927
ch_3Mv9,2026-08-05T12:00:00Z,149900,INR,card,card_declined,arjun@example.com,Arjun Reddy,159438
ch_3M10,2026-08-05T13:22:00Z,39900,INR,card,insufficient_funds,saanvi@example.com,Saanvi Joshi,142816
ch_3M11,2026-08-06T09:50:00Z,79900,INR,card,fraudulent,dev@example.com,Dev Malhotra,172625
ch_3M12,2026-08-06T19:10:00Z,24900,INR,card,authentication_required,tara@example.com,Tara Iyer,140780
