charge_id,created_at,amount,currency,payment_method,failure_code,customer_email,customer_name,recovered
ch_soft00,2026-08-15T09:00:00Z,129900,INR,card,processing_error,aarav@example.com,Aarav,0
ch_soft01,2026-08-15T10:03:00Z,19900,INR,card,gateway_timeout,diya@example.com,Diya,1
ch_soft02,2026-08-15T11:06:00Z,29900,INR,card,insufficient_funds,kabir@example.com,Kabir,1
ch_soft03,2026-08-15T12:09:00Z,349900,INR,card,insufficient_funds,meera@example.com,Meera,1
ch_soft04,2026-08-15T13:12:00Z,199900,INR,card,issuer_unavailable,rohan@example.com,Rohan,1
ch_soft05,2026-08-15T14:15:00Z,29900,INR,card,insufficient_funds,ananya@example.com,Ananya,1
ch_soft06,2026-08-15T15:18:00Z,29900,INR,card,gateway_timeout,vivaan@example.com,Vivaan,0
ch_soft07,2026-08-15T16:21:00Z,19900,INR,card,processing_error,isha@example.com,Isha,1
ch_soft08,2026-08-15T17:24:00Z,19900,INR,card,insufficient_funds,arjun@example.com,Arjun,0
ch_soft09,2026-08-15T18:27:00Z,349900,INR,card,do_not_honor,saanvi@example.com,Saanvi,0
ch_soft10,2026-08-15T19:30:00Z,199900,INR,card,insufficient_funds,tara@example.com,Tara,1
ch_soft11,2026-08-15T09:33:00Z,99900,INR,card,issuer_unavailable,dev@example.com,Dev,1
ch_soft12,2026-08-15T10:36:00Z,29900,INR,card,issuer_unavailable,nisha@example.com,Nisha,1
ch_soft13,2026-08-15T11:39:00Z,129900,INR,card,insufficient_funds,om@example.com,Om,1
ch_soft14,2026-08-15T12:42:00Z,19900,INR,card,processing_error,zoya@example.com,Zoya,1
ch_soft15,2026-08-15T13:45:00Z,349900,INR,card,do_not_honor,ira@example.com,Ira,1
ch_soft16,2026-08-15T14:48:00Z,249900,INR,card,processing_error,yash@example.com,Yash,1
ch_soft17,2026-08-15T15:51:00Z,129900,INR,card,issuer_unavailable,kiara@example.com,Kiara,1
ch_soft18,2026-08-15T16:54:00Z,79900,INR,card,do_not_honor,reyansh@example.com,Reyansh,1
ch_soft19,2026-08-15T17:57:00Z,349900,INR,card,do_not_honor,anaya@example.com,Anaya,1
ch_soft20,2026-08-15T18:00:00Z,249900,INR,card,insufficient_funds,vihaan@example.com,Vihaan,1
ch_soft21,2026-08-15T19:03:00Z,29900,INR,card,issuer_unavailable,myra@example.com,Myra,1
ch_data00,2026-08-15T10:00:00Z,89900,INR,card,incorrect_cvc,user0@example.com,Cust0,1
ch_data01,2026-08-15T11:07:00Z,149900,INR,card,expired_card,user1@example.com,Cust1,1
ch_data02,2026-08-15T12:14:00Z,89900,INR,card,incorrect_cvc,user2@example.com,Cust2,1
ch_data03,2026-08-15T10:21:00Z,149900,INR,card,incorrect_cvc,user3@example.com,Cust3,0
ch_data04,2026-08-15T11:28:00Z,29900,INR,card,incorrect_cvc,user4@example.com,Cust4,0
ch_data05,2026-08-15T12:35:00Z,149900,INR,card,expired_card,user5@example.com,Cust5,0
ch_data06,2026-08-15T10:42:00Z,29900,INR,card,incorrect_cvc,user6@example.com,Cust6,0
ch_data07,2026-08-15T11:49:00Z,149900,INR,card,incorrect_cvc,user7@example.com,Cust7,1
ch_data08,2026-08-15T12:56:00Z,89900,INR,card,incorrect_cvc,user8@example.com,Cust8,1
ch_data09,2026-08-15T10:03:00Z,89900,INR,card,expired_card,user9@example.com,Cust9,1
ch_hard00,2026-08-15T10:00:30Z,299900,INR,card,fraudulent,hard0@example.com,HardCust0,1
ch_hard01,2026-08-15T11:11:30Z,99900,INR,card,card_declined,hard1@example.com,HardCust1,0
ch_hard02,2026-08-15T12:22:30Z,299900,INR,card,card_declined,hard2@example.com,HardCust2,0
ch_hard03,2026-08-15T13:33:30Z,49900,INR,card,card_declined,hard3@example.com,HardCust3,0
ch_hard04,2026-08-15T10:44:30Z,149900,INR,card,card_declined,hard4@example.com,HardCust4,0
ch_hard05,2026-08-15T11:55:30Z,149900,INR,card,fraudulent,hard5@example.com,HardCust5,0
ch_hard06,2026-08-15T12:06:30Z,299900,INR,card,lost_card,hard6@example.com,HardCust6,0
ch_hard07,2026-08-15T13:17:30Z,49900,INR,card,lost_card,hard7@example.com,HardCust7,0
ch_atk00,2026-08-15T14:00:00Z,300,INR,card,card_declined,test00@mailinator.com,x,0
ch_atk01,2026-08-15T14:00:07Z,100,INR,card,card_declined,test01@mailinator.com,x,0
ch_atk02,2026-08-15T14:00:14Z,100,INR,card,card_declined,test02@mailinator.com,x,0
ch_atk03,2026-08-15T14:00:21Z,200,INR,card,card_declined,test03@mailinator.com,x,0
ch_atk04,2026-08-15T14:00:28Z,300,INR,card,card_declined,test04@mailinator.com,x,0
ch_atk05,2026-08-15T14:00:35Z,100,INR,card,card_declined,test05@mailinator.com,x,0
ch_atk06,2026-08-15T14:01:42Z,200,INR,card,card_declined,test06@mailinator.com,x,0
ch_atk07,2026-08-15T14:01:49Z,200,INR,card,card_declined,test07@mailinator.com,x,0
ch_atk08,2026-08-15T14:01:56Z,100,INR,card,card_declined,test08@mailinator.com,x,0
ch_atk09,2026-08-15T14:01:03Z,100,INR,card,card_declined,test09@mailinator.com,x,0
ch_atk10,2026-08-15T14:01:10Z,200,INR,card,card_declined,test10@mailinator.com,x,0
ch_atk11,2026-08-15T14:01:17Z,300,INR,card,card_declined,test11@mailinator.com,x,0
